,precision,recall,f1-score,support
3,0.0,0.0,0.0,1.0
4,1.0,0.1,0.18181818181818182,10.0
5,0.632258064516129,0.7538461538461538,0.6877192982456141,130.0
6,0.5390070921985816,0.5757575757575758,0.5567765567765568,132.0
7,0.391304347826087,0.21428571428571427,0.27692307692307694,42.0
8,0.0,0.0,0.0,5.0
accuracy,0.575,0.575,0.575,0.575
macro avg,0.4270949174234662,0.27398157398157397,0.2838728522939049,320.0
weighted avg,0.5618039598937663,0.575,0.5510842666105824,320.0
